{"cameraMode":{"drawMode":0,"name":"Shaded","section":"Shading Mode"},"sceneLighting":false,"audioPlay":false,"sceneViewState":{"showFog":true,"showMaterialUpdate":false,"showSkybox":false,"showFlares":true,"showImageEffects":true,"showParticleSystems":true},"in2DMode":false,"pivot":{"x":21.351524353027345,"y":-0.06011009216308594,"z":-0.011871814727783203},"rotation":{"x":-0.6772785782814026,"y":0.12632019817829133,"z":-0.1196938082575798,"w":-0.7148782014846802},"size":2.1686158180236818,"orthographic":false}