{"cameraMode":{"drawMode":0,"name":"Shaded","section":"Shading Mode"},"sceneLighting":false,"audioPlay":false,"sceneViewState":{"showFog":true,"showMaterialUpdate":false,"showSkybox":false,"showFlares":true,"showImageEffects":true,"showParticleSystems":true},"in2DMode":false,"pivot":{"x":-29.100000381469728,"y":-5.899999618530273,"z":-5.200000762939453},"rotation":{"x":0.3652108609676361,"y":-0.04884030669927597,"z":0.019194189459085466,"w":0.9294527173042297},"size":5.95653772354126,"orthographic":false}