{"cameraMode":{"drawMode":0,"name":"Shaded","section":"Shading Mode"},"sceneLighting":false,"audioPlay":false,"sceneViewState":{"showFog":true,"showMaterialUpdate":false,"showSkybox":false,"showFlares":true,"showImageEffects":true,"showParticleSystems":true},"in2DMode":false,"pivot":{"x":0.18343353271484376,"y":-3.0993881225585939,"z":-1.2771968841552735},"rotation":{"x":0.6349126696586609,"y":-0.0023177301045507194,"z":0.0019048152025789023,"w":0.7725802063941956},"size":69.1274642944336,"orthographic":true}